{
  "coefs": [
    0.0016920140999999967,
    0.0033294470999999932,
    0.00496688009999999,
    0.0005458109999999989
  ],
  "last_pen": 0.056999999999999884
}